Words	Pseudoword	Included	Sound	Action	Letters	n_Syllables	Geraeusch	Geraeusch_SD	Handlung	Handlung_SD	Visuell	Visuell_SD	Vertrautheit	Vertrautheit_SD	Lemma_freq	Neighbors	Bigram_freq	Trigram_freq	Natural	Living	Animate	CongResp_S_Prop	CongResp_S_Prop (philosopher exluded)	RT_S_Mean	CongResp_A_Prop	CongResp_A_Prop (philosopher exluded)	RT_A_Mean																																																																
Bär	Mür	1	1	0	3	1	3,83	1,29	1,44	0,86	5,28	0,75	5,56	0,98	10,33	15,84	132087,56	128785,53	1	1	1	0,67	0,64	1045,92	0,92	0,91	804,17																																																																
Fön	Nän	1	1	1	3	1	4,5		4,69		3		5,88	0,45	0,22	12,84	209121,18	206694,59	0	0	0	0,92	0,91	734,75	1	1	809,58																																																																
Uhu	Itu	1	1	0	3	2	5,07		1,53		4,87		5,79	0,51	1	13,27	21961,51	18342,5	1	1	1	0,92	0,91	820,33	1	1	749,42																																																																
Affe	Elme	1	1	0	4	2	4,56	1,15	1,89	0,96	4,56	1,54	5,72	0,83	10,37	5,14	167234,8	155355,74	1	1	1	0,75	0,73	851,17	1	1	826,33																																																																
Alge	Kuse	1	0	0	4	2	1,06	0,24	1,39	0,7	3,72	1,93	5,28	1,13	1,82	10,7	218472,1	161107,16	1	1	0	0,92	0,91	801,42	1	1	876,83																																																																
Auto	Suta	1	1	1	4	2	5,31	1,14	5,81	0,4	4,94	1,18	5,81	0,54	51,85	13,27	46451,85	32937,18	0	0	0	0,92	0,91	841	0,92	0,91	851																																																																
Baby	Mabü	1	1	1	4	2	5,28	0,75	4,89	1,64	4,61	1,29	5,72	0,96	9,83	14,13	31351,93	20286,26	1	1	1	0,92	0,91	802	0,83	0,82	886,5																																																																
Bach	Babt	1	1	0	4	1	3,83	1,11	1,7	0,88	3,43	1,36	5,76	0,54	21,63	30,39	199983,05	108401,01	1	0	0	0,67	0,64	902,33	1	1	987																																																																
Dach	Zaßt	1	0	0	4	1	1,07		1,6		4,2		6	0	32,19	24,83	203901,32	112343,48	0	0	0	1	1	798,67	0,92	0,91	1014,58																																																																
Efeu	Afez	1	0	0	4	2	1		1,47		4,27		5,83	0,48	1,39	3	48139,7	27767,83	1	1	0	1	1	729,42	0,92	1	767,67																																																																
Ente	Esle	1	1	0	4	2	4,38	1,02	2,25	1,34	4,38	1,09	5,56	1,09	5,4	14,98	249930,24	181183,25	1	1	1																																																																						
Eule	Ulge	1	1	0	4	2	4,27		1,4		4,33		5,92	0,28	3,32	14,98	180066,5	152494,62	1	1	1	0,73	0,7	796,91	0,83	0,82	741,58																																																																
Floh	Groh	1	0	0	4	1	1,13	0,46	1,3	0,56	3,05	1,77	5,43	1,21	2,31	11,56	60913,68	52530,98	1	1	1	1	1	736,67	1	1	786,83																																																																
Gong	Gors	1	1	1	4	1	5,83	0,38	4,33	1,85	2,56	1,69	5,33	0,97	1,68	23,97	106865,68	60860,15	0	0	0	1	1	726,83	0,75	0,73	964,33																																																																
Hemd	Hehm	1	0	1	4	1	1,17	0,49	4,91	1,12	4,57	1,54	5,86	0,36	20,31	7,71	71463,92	52677,02	0	0	0	1	1	709,67	0,92	0,91	1136,75																																																																
Kamm	Niff	1	0	1	4	1	1,27		5,13		3,8		5,96	0,2	6,13	20,55	67065,9	50284,09	0	0	0	1	1	799	0,92	0,91	904,42																																																																
Logo	Noso	1	0	0	4	2	1		1,4		4,2		5,88	0,61	1,32	14,13	19880,31	16463,12	0	0	0	1	1	780,33	0,92	0,91	1040,67																																																																
Löwe	Lüße	1	1	0	4	2	4,47		2,13		5,4		6	0	15,72	9,42	159145,78	140440,22	1	1	1	0,75	0,73	796,75	1	1	850,33																																																																
Lupe	Urze	1	0	1	4	2	1		4,56		3,88		5,92	0,28	2,4	15,41	146785,06	141298	0	0	0	0,92	0,91	764,42	0,83	0,82	866,42																																																																
Mast	Maff	1	0	0	4	1	1,26	0,54	2,43	1,38	4,1	1,55	5,19	1,08	4,98	30,82	169312,72	118871,48	0	0	0	1	1	748,5	1	1	935,92																																																																
Mofa	Kona	1	1	1	4	2	4,87		4,4		4,47		5,63	0,71	0,23	8,99	31076,39	23130,44	0	0	0	1	1	820,17	0,92	1	895,5																																																																
Moos	Saas	1	0	0	4	1	1,26	0,54	1,57	0,84	4,14	1,49	5,67	0,73	5,52	23,12	86560,13	82294,63	1	1	0	1	1	753,08	1	1	844																																																																
Möwe	Hüwe	1	1	0	4	2	4,13		1,2		4,67		5,83	0,56	3,08	5,14	165130,87	146402,94	1	1	1	0,5	0,45	885,5	1	1	974,67																																																																
Rabe	Sare	1	1	0	4	2	4,07		1,4		4,47		5,92	0,28	4,31	22,69	196472,96	150953,02	1	1	1	0,75	0,73	909,5	1	1	871,33																																																																
Säge	Hige	1	1	1	4	2	4,63	1,5	5,56	0,73	4,44	1,41	5,69	0,6	2,81	11,13	222774,39	165767,83	0	0	0	0,83	0,82	844,83	1	1	777,58																																																																
Seil	Mieb	1	0	1	4	1	1,38	0,62	4,25	1,34	3,81	1,72	5,69	1,01	7,49	29,11	139786,43	49556	0	0	0	1	1	785,42	0,83	0,82	949,33																																																																
Tuba	Pusa	1	1	1	4	2	5,38		4,25		3,69		5	1,3	0,58	14,98	21635,04	15420,79	0	0	0	1	1	631,42	1	1	888,58																																																																
Ahorn	Amirn	1	0	0	5	2	1,39	0,72	1,65	0,93	4,57	1,4	5,38	1,07	0,62	4,71	248483,77	220266,29	1	1	0	1	1	763,25	1	1	924																																																																
Amsel	Mudel	1	1	0	5	2	4,5	1,46	1,25	0,58	4,25	1,48	5,5	0,89	1,52	4,71	101323,01	41957,69	1	1	1	0,75	0,73	855,25	1	1	857,83																																																																
Angel	Arsel	1	0	1	5	2	1,44	0,62	5,33	1,08	4,61	1,33	5,67	0,77	4,62	16,7	167294,41	58319,57	0	0	0	0,92	0,91	835,33	0,75	0,73	819,42																																																																
Atlas	Nulos	1	0	1	5	2	1,26	0,62	4,26	1,42	4,62	1,36	5,48	0,87	3,64	3,42	123118,48	99857,17	0	0	0	0,92	0,91	722,83	0,75	0,82	857,08																																																																
Biber	Mäber	1	0	0	5	2	1,87		1,53		4,6		5,05	1,32	1,55	13,7	343016,31	224557,62	1	1	1	0,92	0,91	842,17	1	1	800,67																																																																
Buche	Ruste	1	0	0	5	2	1,48	0,73	1,61	0,66	3,95	1,43	5,57	0,6	14,4	17,55	334360,42	198109,46	1	1	0	1	1	709,17	1	1	812,58																																																																
Cello	Jillo	1	1	1	5	2	5,44		4,5		4,19		4,95	1,53	1,01	14,55	63797,19	16323,78	0	0	0	1	1	676,25	1	1	792,83																																																																
Dachs	Zochs	1	0	0	5	1	1,74	0,92	1,22	0,52	4,38	1,66	5,38	1,2	2,43	12,84	232832,72	103223,41	1	1	1	0,92	0,91	816	1	1	814,67																																																																
Dolch	Dohns	1	0	1	5	1	1,7	0,93	4,52	1,41	4,71	1,45	5,1	1,18	3,59	6,85	203045,83	100260,98	0	0	0	1	1	1019,58	0,83	0,91	878,67																																																																
Eiche	Jäche	1	0	0	5	2	1,78	0,87	1,71	0,81	4,39	1,47	5,36	0,92	3,08	12,41	372137,3	234035,87	1	1	0	1	1	728,5	1	1	763,67																																																																
Flöte	Drüte	1	1	1	5	2	5,67	0,77	5,22	1,11	3,94	1,47	5,78	0,73	4,43	7,28	224827,71	166939,28	0	0	0	1	1	709,58	1	1	843,42																																																																
Fluss	Strub	1	1	0	5	1	4	1,14	2,06	0,8	4,33	1,5	5,89	0,47	37,56	4,71	113581,57	80248,38	1	0	0	0,75	0,73	853,83	0,75	0,73	859,58																																																																
Flyer	Blöer	1	0	1	5	2	1,48	0,95	4,52	1,16	4,33	1,65	5,62	0,86	0,07	2,57	290928,11	204613,56	0	0	0	1	1	714,58	0,67	0,73	988,08																																																																
Gecko	Gesky	1	0	0	5	2	1,56	0,63	1,19	0,4	4,19	1,47	5	1,37	0,14	2,57	50567,82	32167,55	1	1	1	0,75	0,73	815,42	1	1	773,17																																																																
Geige	Feise	1	1	1	5	2	5,53		4		4,2		5,96	0,2	7,01	14,13	322487,19	173255,94	0	0	0	1	1	690,33	1	1	764,33																																																																
Handy	Kangy	1	1	1	5	2	4,38		5,38		4,25		6	0	0,73	11,13	120598,99	27252,05	0	0	0	1	1	861,42	1	1	744,67																																																																
Harfe	Marme	1	1	1	5	2	5,67	0,84	5,17	1,29	4,11	1,68	5,61	0,78	1,77	6,85	182450,87	148418,58	0	0	0	1	1	726,25	1	1	730,58																																																																
Henne	Nenze	1	1	0	5	2	4,28	0,96	2	1,24	4,22	1,66	5,44	1,1	2,87	22,26	384208,85	166204,42	1	1	1	0,67	0,64	875,83	0,92	0,91	930,5																																																																
Höhle	Tühle	1	0	0	5	2	1,65	0,71	2,17	1,34	4,24	1,48	5,67	0,73	12,97	8,56	183347,34	149830,44	1	0	0	1	1	787,5	1	1	1074,58																																																																
Käfer	Sifer	1	0	0	5	2	1,73		1,8		4,33		6	0	5,84	5,14	303140,95	207715,55	1	1	1																																																																						
Kajak	Tajah	1	0	1	5	2	1,4		4,67		4,13		4,52	1,54	0,11	4,71	24710,58	21500,11	0	0	0	1	1	926,67	0,75	0,82	951,25																																																																
Knopf	Dropf	1	0	1	5	1	1,25	0,77	4,63	1,63	4,13	1,59	5,88	0,5	11,42	7,28	34492,72	25294,62	0	0	0	1	1	795,08	0,83	0,82	997,08																																																																
Krähe	Knöhe	1	1	0	5	2	5		1,33		4,6		5,79	0,66	3,16	4,71	199614,58	156825,22	1	1	1	1	1	841,33	1	1	919																																																																
Kröte	Klüte	1	1	0	5	2	4,39	1,09	1,33	0,59	4,5	1,38	5,5	0,79	2,13	3,42	228226,58	169722,04	1	1	1	0,83	0,82	883,5	0,92	0,91	828,33																																																																
Küken	Böken	1	1	0	5	2	3,78	1,4	1,78	0,88	5,11	1,02	5,61	0,92	1	3,85	400003,28	341377,47	1	1	1	0,83	0,82	978,67	1	1	914,17																																																																
Lanze	Kanfe	1	0	1	5	2	1,71	0,92	4,83	1,58	4,28	1,49	4,83	1,58	3,79	12,41	202588,19	150058,73	0	0	0	1	1	836,17	0,83	0,82	832,08																																																																
Mango	Kando	1	0	1	5	2	1,33		4		4,4		5,96	0,2	0,2	14,98	108727,29	32688,65	1	0	0	1	1	898,25	0,67	0,73	971,92																																																																
Maske	Toske	1	0	1	5	2	1,13	0,34	4,25	1,61	5,13	1,09	5,19	1,52	16,23	14,98	184854,71	152558,98	0	0	0	1	1	727,42	0,92	0,91	992																																																																
Milbe	Holbe	1	0	0	5	2	1	0	1,39	0,85	3,39	1,97	5	1,33	0,74	4,28	207951,66	153603,08	1	1	1	1	1	743,67	1	1	841,17																																																																
Mixer	Topeh	1	1	1	5	2	5,48	0,98	5,16	1,12	4	1,33	5,71	0,64	0,49	5,57	296065,73	209788,37	0	0	0	1	1	789,17	1	1	746,5																																																																
Moped	Wiver	1	1	1	5	2	5,38	0,89	5,44	0,81	4,81	1,22	5,75	0,77	0,64	1,28	71484,35	55515,62	0	0	0	1	1	733,17	0,92	1	852,58																																																																
Nelke	Zilke	1	0	0	5	2	1	0	1,91	0,79	4,33	1,35	5,19	0,93	2,61	7,71	182039,59	141120,9	1	1	0	1	1	736	1	1	915,5																																																																
Paket	Nalet	1	0	1	5	2	1,31	0,6	4,63	1,67	4	1,55	5,81	0,54	14,26	7,28	131761,91	102329,97	0	0	0	0,83	0,82	906,67	0,83	0,82	1059,83																																																																
Palme	Parne	1	0	0	5	2	1		1,8		4,93		5,96	0,2	5,87	10,27	190942,47	145987	1	1	0	1	1	717,83	1	1	842																																																																
Pferd	Pfeks	1	1	1	5	1	3,93		3,93		4,93		6	0	76,31	6,42	241229,19	59237,11	1	1	1	0,75	0,73	799,83	0,5	0,45	826,83																																																																
Pille	Zülle	1	0	1	5	2	1,13	0,34	5	1,21	3,81	1,64	5,75	0,58	3,58	15,41	204325,11	159377,6	0	0	0	1	1	765,75	0,83	0,91	1000,67																																																																
Raupe	Niepe	1	0	0	5	2	1,4		1,6		4,6		5,92	0,28	5,13	10,27	178274,88	143287,2	1	1	1	1	1	843,5	0,92	1	870,75																																																																
Rinne	Binze	1	0	0	5	2	1,87	0,92	2,13	1,25	3,38	1,6	4,86	1,28	2,19	10,27	278930,07	159931,43	0	0	0	1	1	883,83	1	1	1054,83																																																																
Rotor	Wotar	1	1	0	5	2	4,29	1,4	2,94	1,71	3,06	1,43	4,11	1,45	0,41	3	149348,45	125917,37	0	0	0	0,58	0,64	909	0,83	0,82	1064,92																																																																
Säule	Sotle	1	0	0	5	2	1,13		1,6		4,4		5,83	0,64	14,5	8,13	193991,8	164605,62	0	0	0	1	1	769,25	1	1	825,75																																																																
Schaf	Spraf	1	1	0	5	1	4,67		2,33		4,87		5,96	0,2	10,38	13,7	198223,21	58366,16	1	1	1	0,92	0,91	900,42	0,75	0,82	841,42																																																																
Schal	Sprig	1	0	1	5	1	1,17	0,58	4,7	1,15	4,33	1,53	5,95	0,22	3,55	17,12	221808,41	63094,77	0	0	0	1	1	794,58	0,83	0,82	956,83																																																																
Seife	Meime	1	0	1	5	2	1,39	0,72	5,13	0,97	3,29	1,59	5,9	0,3	7,71	8,99	260060,75	164661,33	0	0	0	1	1	808,42	0,92	0,91	1049,42																																																																
Spatz	Spags	1	1	0	5	1	3,93		1,53		4,53		6	0	2,62	5,99	63816,22	36237,59	1	1	1	0,67	0,64	815,92	1	1	761,75																																																																
Tanne	Hanbe	1	0	0	5	2	1,4		1,73		4,87		5,96	0,2	3,51	18,84	245423,49	164258,1	1	1	0	1	1	711,92	1	1	825,33																																																																
Taube	Zaure	1	1	0	5	2	3,81	1,38	1,63	0,62	4,31	1,54	5,75	0,45	8,73	11,56	218095,09	145714,91	1	1	1	0,67	0,64	912,83	0,92	0,91	898,58																																																																
Tröte	Präte	1	1	1	5	2	5,81	0,68	5,16	1,21	2,32	1,16	4,81	1,54	8,55	7,19	213346,94	123603,37	0	0	0	1	1	753	1	1	840,08																																																																
Zange	Nanke	1	0	1	5	2	1,06		5		4,19		5,83	0,48	3,65	16,27	283151,32	162872,83	0	0	0	0,92	0,91	970,5	1	1	749,25																																																																
Ziege	Giede	1	1	0	5	2	4,53		1,93		4,53		5,96	0,2	5,98	9,85	294312,84	154217,2	1	1	1	0,83	0,82	927,17	1	1	934,75																																																																
Auster	Pucher	1	0	0	6	2	1,19	0,4	1,94	0,77	3,69	1,49	4,81	1,38	3,38	11,99	444581,63	251413,8	1	1	0	1	1	705,08	0,83	0,82	833,5																																																																
Balken	Sarken	1	0	0	6	2	1		2,13		3,4		5,75	0,68	7,75	16,27	433579,29	347883,16	0	0	0	1	1	760,42	0,83	0,82	1051,58																																																																
Banane	Takafe	1	0	1	6	3	1,2		4,2		4,73		5,96	0,2	3,26	4,71	293302,58	165739,01	1	0	0	1	1	770,5	0,67	0,64	966,58																																																																
Bohrer	Sährer	1	1	1	6	2	5,44	0,78	5,56	0,7	3,83	1,15	5,61	0,85	1,24	5,14	359740,26	220845,53	0	0	0	1	1	756,25	0,92	0,91	693,42																																																																
Böller	Wäller	1	1	1	6	2	5,72	0,67	4,78	1,48	3,06	1,92	5,56	1,04	0,43	10,7	347302,57	222736,89	0	0	0	1	1	743	1	1	843,33																																																																
Dusche	Dustre	1	1	1	6	2	4,14	1,31	5,58	0,69	4,26	1,52	6	0	2,41	9,42	380032,24	228097,12	0	0	0	0,83	0,82	975,92	0,92	0,91	827																																																																
Fagott	Fasont	1	1	1	6	2	5,71	0,59	5,11	1,37	3,72	1,49	4,94	1,39	0,92	2,57	124443,12	101163,06	0	0	0	0,92	0,91	698,58	1	1	794,17																																																																
Ferkel	Dergel	1	1	0	6	2	3,94	1,26	1,78	0,88	4,5	1,2	5,5	0,92	1,64	3,42	241927,99	37999,57	1	1	1	0,83	0,82	878,08	1	1	982,67																																																																
Fichte	Gächte	1	0	0	6	2	1,48	0,67	1,48	0,67	4,43	1,29	5,38	0,92	10,82	10,7	425135,08	240753,15	1	1	0	1	1	679,25	1	1	850																																																																
Flinte	Prente	1	1	1	6	2	4,89	1,18	4,83	1,2	4,06	1,39	5	1,28	2,59	4,28	350506,5	179908,11	0	0	0	0,92	0,91	845,25	1	1	880,67																																																																
Frosch	Blosch	1	1	0	6	1	4,17	1,59	1,57	0,9	4,33	1,46	5,57	1,08	6,65	7,28	234599,06	130504,36	1	1	1	0,75	0,73	825,83	1	1	791,75																																																																
Geläut	Gesäun	1	1	0	6	2	5,44	1,21	3,07	1,94	1,6	1,12	4,56	1,31	1,55	1,28	152635,03	111973,73	0	0	0	0,92	0,91	770,33	0,5	0,45	1024,67																																																																
Gewehr	Gewark	1	1	1	6	2	5,28	0,89	5,33	1,03	4,44	1,1	5,33	1,19	17,49	5,14	193492,36	146107,31	0	0	0	1	1	717,92	1	1	811,83																																																																
Grille	Blolle	1	1	0	6	2	4,7	1,61	1,3	0,47	2,43	1,54	5,29	0,96	2,48	7,71	231508,7	166799,18	1	1	1	0,83	0,82	748,75	1	1	905																																																																
Gürtel	Pirtel	1	0	1	6	2	1,78	1	4,91	1,04	4,43	1,4	5,86	0,36	6,79	4,71	164429,93	44993,08	0	0	0	1	1	776,25	1	1	842,75																																																																
Hummel	Runnel	1	1	0	6	2	4,6		1,53		4,6		5,92	0,28	2,38	9,85	92038,51	36773,15	1	1	1	0,75	0,73	766,17	1	1	904,42																																																																
Kanone	Tamofe	1	1	1	6	3	5,5	0,79	4,61	1,33	4,22	1,44	5,33	1,19	8,4	6,42	265770,83	162179,83	0	0	0	1	1	796,25	0,83	0,91	897,75																																																																
Kleber	Knerer	1	0	1	6	2	1	0	4,94	1	2,89	1,78	5,72	0,75	0,62	8,99	376563,23	225925,55	0	0	0	0,83	0,91	813,42	0,92	0,91	863,58																																																																
Knarre	Zwarbe	1	1	1	6	2	4,94	1	5,28	0,96	4,22	1,26	5,06	1,3	1,19	3	223153,35	153458,27	0	0	0	1	1	814,08	1	1	754																																																																
Krücke	Prüpfe	1	0	1	6	2	1,96	1,07	5,17	0,94	4,43	1,43	5,38	0,92	2,67	4,28	176085,32	154947,39	0	0	0	0,92	0,91	1044,42	0,83	0,82	955,25																																																																
Kuchen	Dusten	1	0	1	6	2	1,33	0,59	4,89	1,08	3,83	1,5	5,83	0,51	9,59	12,84	571890,6	395254,39	0	0	0	1	1	731,42	0,75	0,73	1084,58																																																																
Kuvert	Pujert	1	0	1	6	2	1,59	1,06	4,53	1,66	4,29	1,4	5,17	1,38	2,31	3	298509,24	124922,4	0	0	0	0,92	0,91	884,92	0,75	0,73	993,75																																																																
Lawine	Hanife	1	1	0	6	3	4,19	1,36	1,47	0,77	4,79	1,47	4,71	1,71	2,24	2,57	279946,51	176947,94	1	0	0	0,58	0,64	1065,83	1	1	895,58																																																																
Löffel	Noffel	1	0	1	6	2	1,06		5,5		4,31		6	0	11,14	2,14	67835,85	31482,62	0	0	0	0,92	0,91	771,58	0,92	0,91	872,83																																																																
Marder	Harser	1	0	0	6	2	1,87	1,1	1,39	0,72	3,71	1,52	5,43	0,81	0,63	10,7	432365,2	263332,01	1	1	1	1	1	865,67	0,92	0,91	788,92																																																																
Pavian	Zapion	1	1	0	6	3	4,06	1,24	1,5	0,63	5,06	1,06	5,19	1,17	0,82	3,85	256969,21	215604,79	1	1	1	0,83	0,82	966,5	1	1	827																																																																
Pinsel	Porsel	1	0	1	6	2	1		5		3,56		5,96	0,2	5,36	5,14	184959,9	36663,91	0	0	0	0,75	0,82	887,75	0,92	0,91	859																																																																
Qualle	Quanke	1	0	0	6	2	1,31	0,79	1,13	0,34	4,31	1,62	5,44	1,21	1,32	3	210391,23	153443,53	1	1	1	1	1	748,92	1	1	739,08																																																																
Rakete	Tifete	1	1	1	6	3	5,31	1,14	4,31	1,74	4,25	1,29	5,44	1,09	12,48	3	254957	168757,78	0	0	0	1	1	751,33	0,92	0,91	895,67																																																																
Rassel	Wossel	1	1	1	6	2	5,5	1,03	4,94	1,24	3,13	1,71	5,56	0,89	1,28	11,99	122404,49	43586,97	0	0	0	0,92	0,91	779,33	0,92	0,91	824																																																																
Rochen	Bichen	1	0	0	6	2	1,38	0,5	1,5	1,32	4,31	1,78	5,06	1,12	0,56	14,13	565006,15	388593,13	1	1	1	0,92	0,91	799,08	1	1	753,58																																																																
Schabe	Strame	1	0	0	6	2	1,88	1,02	1,56	0,51	3,44	1,46	4,69	1,58	1,1	9,42	367995,83	187702,79	1	1	1	1	1	858,58	1	1	833,25																																																																
Scheck	Sprend	1	0	1	6	1	1,06	0,24	5,11	1,02	3,5	1,65	5	1,5	5,02	10,27	228613,66	78001,12	0	0	0	1	1	847,08	0,83	0,91	987																																																																
Sirene	Torefe	1	1	0	6	3	5,88		1,63		1,63		5,48	0,81	3,63	5,14	436207,16	191500,44	0	0	0	1	1	758,25	0,5	0,45	1032,33																																																																
Skizze	Pfazze	1	0	1	6	2	1,09	0,29	5,04	0,98	4,76	1,79	5,57	0,81	11,36	2,57	170737,23	159699,85	0	0	0	1	1	688,17	0,75	0,73	940,5																																																																
Spaten	Groten	1	0	1	6	2	1,73		5,07		3,57		5,71	0,69	3,96	9,42	502930,66	378445,79	0	0	0	0,83	0,82	904,5	0,92	0,91	922,58																																																																
Specht	Zwecht	1	1	0	6	1	5		1,53		4,47		5,88	0,34	2,24	3	279393,44	157156,9	1	1	1	0,75	0,73	800,83	0,92	0,91	828,92																																																																
Tandem	Kangem	1	0	1	6	2	1,6		4,87		4,87		5,54	0,93	0,4	3	265028,06	90576,58	0	0	0	1	1	923,17	0,92	0,91	969,42																																																																
Waffel	Miffel	1	0	1	6	2	1,5	0,86	4,72	1,49	3,72	1,64	5,83	0,51	0,43	3,85	79939,58	38714,84	0	0	0	1	1	771,17	0,75	0,73	909,92																																																																
Auspuff	Aufrubs	1	1	0	7	2	5	1,05	2,53	1,47	3,58	1,61	5,1	1,14	0,52	0,86	77658,95	38758,08	0	0	0	0,92	0,91	900,08	0,75	0,73	975,67																																																																
Denkmal	Dernbal	1	0	0	7	2	1		1,8		4,6		5,75	0,74	20,39	3	259577,98	44555,71	0	0	0	1	1	786,75	1	1	913,75																																																																
Drossel	Knassel	1	1	0	7	2	4,44	1,63	1,13	0,34	3,44	1,15	4,81	1,33	0,7	1,28	126558,73	51120,9	1	1	1	0,58	0,55	860,08	1	1	912																																																																
Dynamit	Zönamot	1	1	1	7	3	5,39	0,92	4,83	1,34	3,17	1,47	5,22	1	1,95	3	175077,93	128799,89	0	0	0	0,83	0,82	751,75	0,83	0,91	895,92																																																																
Elefant	Alehagt	1	1	0	7	3	4,67		1,67		5,6		5,96	0,2	10,28	2,14	207330,28	108084,34	1	1	1	0,67	0,64	898,08	1	1	839,17																																																																
Frisbee	Fliskee	1	0	1	7	2	1,47		5,13		4,07		5,67	0,92	0,02	0,43	248096,22	151427,96	0	0	0	1	1	960,58	0,75	0,73	778,25																																																																
Gazelle	Lazende	1	0	0	7	3	1,88	1,02	1,19	0,54	3,63	1,82	4,94	1,39	0,69	2,57	237203,24	169477,82	1	1	1	0,92	0,91	926,08	1	1	785,75																																																																
Gebläse	Vekräle	1	1	0	7	3	4,94	1,24	2,94	1,39	1,8	1,32	4,88	1,45	0,47	2,57	210971,48	161860,54	0	0	0	0,83	0,82	884	0,58	0,55	1041,42																																																																
Gitarre	Bolarre	1	1	1	7	3	5,72	0,67	5,56	0,62	4,28	1,32	5,83	0,71	2,6	1,28	258821,5	156449,19	0	0	0	1	1	691,42	1	1	693,58																																																																
Gorilla	Loritta	1	1	0	7	3	4,33	1,24	1,39	0,78	5,11	1,28	5,56	0,86	1,32	3,42	108280,83	27188,58	1	1	1	0,58	0,55	827,58	0,92	0,91	846,92																																																																
Granate	Blafite	1	1	1	7	3	5,25	1,18	4,88	1,71	3,69	1,45	4,5	2	7,47	3,85	323815,1	179947,34	0	0	0	1	1	873,83	0,92	1	924,33																																																																
Karaffe	Karürne	1	0	1	7	3	1,53	0,72	4,78	1,31	4	1,66	5,44	1,25	0,89	1,28	211928,7	155148,66	0	0	0	0,92	0,91	927,08	0,92	0,91	973,5																																																																
Klavier	Draxier	1	1	1	7	2	5,89	0,32	5,5	0,51	4,17	1,5	5,83	0,71	12,32	4,71	388354,45	216934,57	0	0	0	1	1	682,5	1	1	836,17																																																																
Kuckuck	Rulucht	1	1	0	7	2	4,65	1,43	1,35	0,49	2,9	1,26	5,43	1,08	2,25	2,14	57371,37	24019,86	1	1	1	1	1	787,83	0,92	0,91	762,17																																																																
Lüftung	Löttung	1	1	0	7	2	4,72	1,13	2,83	1,65	2,33	1,46	5,44	0,78	0,94	0,86	152813,71	81760,8	0	0	0	0,83	0,82	973,08	0,75	0,73	1127,42																																																																
Oktopus	Wuroput	1	0	0	7	3	1,22	0,42	1,48	0,95	5,05	1,07	4,95	1,4	0,13	0,86	100522,68	75196,74	1	1	1	1	1	891,25	1	1	805,08																																																																
Papagei	Pazagie	1	1	0	7	3	4,87		1,87		5,33		5,92	0,28	3,45	2,14	183473,49	32247,83	1	1	1	1	1	857,08	0,83	0,82	865,58																																																																
Perücke	Nelüpfe	1	0	1	7	3	1,13	0,5	4,25	1,57	4,31	1,62	5,38	0,96	2,92	2,14	338444,53	151455,77	0	0	0	1	1	772,92	0,75	0,73	927,83																																																																
Pfeiler	Kneiles	1	0	0	7	2	1,05		2,4		3,75		5,54	0,83	6,1	4,28	426151,73	211577,22	0	0	0	1	1	764,08	1	1	898,58																																																																
Pfosten	Zwasten	1	0	0	7	2	1,33		1,73		3,13		5,75	0,68	1,92	3,42	516739,64	372254,3	0	0	0	1	1	754,42	0,92	0,91	916																																																																
Piranha	Ziransi	1	0	0	7	3	1,38	1,02	1,19	0,54	3,88	1,86	5,25	1,29	0,19	1,28	115322,36	21896,68	1	1	1	1	1	864,58	1	1	879,67																																																																
Pistole	Zostose	1	1	1	7	3	5,19	0,91	5	1,32	4,63	1,31	5,31	1,54	9,63	4,28	268006,25	160533,63	0	0	0	0,83	0,82	862,67	1	1	689,83																																																																
Posaune	Nogaufe	1	1	1	7	3	5,56		4,19		3,94		5,1	1,48	2,49	2,57	293926,84	156696,83	0	0	0	1	1	705,08	1	1	802,5																																																																
Spritze	Sprenze	1	0	1	7	2	1,33	0,49	5,44	0,78	4,67	1,53	5,61	0,92	4,32	4,28	237886,49	167758,9	0	0	0	1	1	940,75	1	1	811,42																																																																
Tablett	Kakrett	1	0	1	7	2	1,38	0,81	4,75	1,34	3,63	1,89	5,69	0,6	4,08	2,57	170026,46	100505,88	0	0	0	0,92	0,91	1056,92	0,75	0,82	1230																																																																
Telefon	Kelehin	1	1	1	7	3	5,63	1,02	5,56	0,89	3,75	1,34	6	0	16,09	3,42	297327,17	221799,33	0	0	0	1	1	876,25	1	1	721,75																																																																
Tornado	Horkada	1	1	0	7	3	4,26	1,76	1,26	0,69	4,33	1,59	4,86	1,35	1,84	1,71	62849,6	17267,46	1	0	0	0,67	0,73	972,83	1	1	974,83																																																																
Trommel	Fremmel	1	1	1	7	2	5,75	0,77	5,31	1,14	3,81	1,68	5,75	0,58	10,33	4,28	97301,68	38622,73	0	0	0	1	1	733,42	1	1	674,42																																																																
Turbine	Buldife	1	1	0	7	3	5,38	0,96	3,25	1,84	3,38	1,54	5,06	1,44	1,37	1,71	288657,27	175095,07	0	0	0	1	1	897,58	0,67	0,64	921,92																																																																
Ukulele	Uturese	1	1	1	7	4	5,5	1,03	5,25	1,13	4,06	1,81	5,31	1,08	0,05	0	231168,07	146201,83	0	0	0	1	1	763,33	0,92	0,91	749,08																																																																
Zwiebel	Plaubel	1	0	1	7	2	1,13		3,87		4,53		6	0	10,5	2,57	198597,89	39841,26	1	0	0	1	1	798,42	0,58	0,55	883,92																																																																
Brandung	Grannung	1	1	0	8	2	4,48	1,59	1,57	0,9	3,67	1,62	5,05	1,07	2,4	2,57	279687,47	104630,02	1	0	0																																																																						
Bumerang	Wunerall	1	0	1	8	3	2		5,13		4,6		4,57	1,63	0,29	0,43	344400,82	80070,8	0	0	0	0,82	0,8	967,45	0,83	0,91	886,67																																																																
Eidechse	Eibernde	1	0	0	8	3	1,2		1,47		4,73		5,79	0,51	2,58	0,86	430487,24	166911,75	1	1	1	1	1	828,25	1	1	717,92																																																																
Himbeere	Tisteere	1	0	1	8	3	1		4,13		4,93		5,96	0,2	1,29	2,14	407858,34	161743,24	1	0	0	1	1	820,67	0,58	0,55	879,83																																																																
Känguruh	Hänfusum	1	0	0	8	3	1,88	0,72	1,25	0,58	4,81	1,42	5,38	1,02	0,52	1,71	129437,35	55648,2	1	1	1	1	1	917,67	1	1	870,5																																																																
Keyboard	Toadaubs	1	1	1	8	2	5,27		4,33		3,8		5,63	0,92	0,46	1,28	89819,45	56202,91	0	0	0	0,92	0,91	815,08	1	1	835,92																																																																
Krawatte	Klanette	1	0	1	8	3	1	0	5,22	1,06	4,78	1,73	5,83	0,51	6,34	1,28	288680,65	180859,26	0	0	0	1	1	802,08	0,83	0,82	902																																																																
Mikrofon	Midrohin	1	1	1	8	3	5,13	1,59	5,19	1,11	3,75	1,69	5,63	1,26	1,23	1,28	259945,89	227306,33	0	0	0	0,92	1	934,92	0,92	0,91	851,42																																																																
Peitsche	Nautsche	1	1	1	8	2	4,44		4,31		3,88		4,9	1,41	5,54	5,57	485878,63	239442,87	0	0	0	0,83	0,82	832,75	0,92	0,91	947,5																																																																
Pinzette	Pinnitte	1	0	1	8	3	1,25	0,58	5,13	1,36	4,56	1,79	5,63	1,02	0,78	1,28	344974,26	177314,22	0	0	0	1	1	761,75	0,92	0,91	947,83																																																																
Plakette	Klafatte	1	0	0	8	3	1		2		3,67		5,63	0,88	0,78	0,86	280006,21	174522,98	0	0	0	0,92	0,91	991,92	0,67	0,64	1117,83																																																																
Portrait	Portrame	1	0	0	8	2	1		1,67		5,2		5,79	0,59	1,1	2,57	204082,58	119815,63	0	0	0	1	1	757,25	0,92	0,91	1082,75																																																																
Revolver	Reveswer	1	1	1	8	3	5,22	0,81	5,28	1,13	4	1,19	5,28	1,18	7,01	2,14	332816,65	217893,21	0	0	0	1	1	796,25	1	1	698,92																																																																
Satellit	Batentit	1	0	0	8	3	1		1,47		3,87		4,81	1,44	5,67	0,86	323723,37	145496,84	0	0	0	0,92	0,91	867,75	0,83	0,82	954,92																																																																
Säugling	Härkling	1	1	1	8	2	5,11	0,9	5	1,57	4,67	1,33	5,67	0,84	8,5	3	208608,29	81521,76	1	1	1	0,83	0,82	984,42	0,75	0,73	958,5																																																																
Saxophon	Sajofran	1	1	1	8	3	5,69		4,56		4,38		5,19	1,33	0,92	1,71	257689,01	238741,46	0	0	0	1	1	620,75	1	1	760,75																																																																
Schnecke	Schrezle	1	0	0	8	2	1		1,53		4,93		5,92	0,28	9,29	4,71	373486,23	181049,81	1	1	1																																																																						
Schraube	Schmaure	1	0	1	8	2	1,63	0,96	4,88	1,15	4,13	1,67	5,75	0,58	4,24	3	410232,09	180989,58	0	0	0	0,92	0,91	902	0,83	0,82	923,33																																																																
Skorpion	Grinpion	1	0	0	8	3	1,38	0,62	1,13	0,34	4,75	1,29	5,25	1,39	1,49	2,14	282929,56	241811,71	1	1	1	1	1	765,92	1	1	794,67																																																																
Skulptur	Stumptum	1	0	0	8	2	1		1,33		4,87		5,75	0,74	4,71	1,71	170180,68	145275,94	0	0	0	1	1	736,92	0,67	0,73	1096,75																																																																
Triangel	Spoangeg	1	1	1	8	3	5,6		4,4		4,2		5,79	0,51	0,54	0,86	219195,7	50092,5	0	0	0	1	1	695,5	1	1	710,33																																																																
Trompete	Frirpete	1	1	1	8	3	5,89	0,32	5,28	1,02	4,44	1,72	5,67	0,97	5,13	3	262055,61	169258,53	0	0	0	1	1	605,92	1	1	756,17																																																																
Xylophon	Dylodran	1	1	1	8	3	5,56	0,92	5,17	1,15	4	1,5	5,33	0,97	0,67	1,28	234226,88	210626,68	0	0	0	1	1	750,25	1	1	765,08																																																																
Abbildung	Undilgung	1	0	0	9	3	1,07		1,67		4,53		5,75	0,61	16,48	0,86	178401,1	96428,91	0	0	0	1	1	745,25	0,75	0,73	1141,5																																																																
Akkordeon	Urwardein	1	1	1	9	4	5,5		4,38		4,44		5,1	1,37	0,64	1,71	380732,22	240358,22	0	0	0	1	1	712,58	1	1	743,42																																																																
Chamäleon	Slanülein	1	0	0	9	4	1,31	0,48	1,25	0,58	4,75	1,53	5	1,63	0,69	0,86	288829,8	213100,87	1	1	1	1	1	863,83	1	1	800,17																																																																
Fundament	Äsgamenz	1	0	0	9	3	1		1,8		2,4		5,05	1,36	11,24	2,57	474188,97	147037,8	0	0	0	1	1	774,58	0,92	0,91	896,25																																																																
Kartoffel	Konsoffel	1	0	1	9	3	1,19	0,54	4,25	1,48	4,13	1,59	6	0	23,81	1,71	122215,51	42915,28	1	0	0	1	1	755,33	0,67	0,64	916,08																																																																
Margerite	Hilberite	1	0	0	9	4	1	0	1,96	1,36	4,29	1,68	4,67	1,2	0,38	2,57	542744,44	194490	1	1	0	1	1	946,33	1	1	1113,5																																																																
Mikroskop	Mikrimkoh	1	0	1	9	3	1,36		4,47		4,8		5,75	0,74	3,16	2,14	47777,08	19570,09	0	0	0	1	1	934,67	1	1	864																																																																
Propeller	Grizeller	1	1	0	9	3	4,81	1,72	3,19	1,56	3,5	1,97	5,38	0,96	0,93	1,71	385997,73	227500,66	0	0	0	0,83	0,91	950,5	0,75	0,73	952,58																																																																
Serviette	Werkiette	1	0	1	9	4	1,33	0,59	5	1,14	3,5	1,98	5,83	0,51	4,84	2,14	519759,56	196098,33	0	0	0	1	1	718,92	0,83	0,82	970,67																																																																
Triebwerk	Kriebwenz	1	1	0	9	2	4,67	1,64	3,06	1,63	2,89	1,53	4,72	1,32	1,11	1,28	316879,75	31471,54	0	0	0	0,83	0,91	912,42	0,58	0,55	999,42																																																																
Zigarette	Nidolette	1	0	1	9	4	1,74	0,86	5,57	0,66	4,52	1,47	5,67	0,97	30,56	5,14	334419,85	174686,1	0	0	0	1	1	851,08	1	1	872,58																																																																
Zwetschge	Dritschge	1	0	1	9	2	1		4,07		4,53		5,5	0,83	0,28	0,86	417326,85	187357,07	1	0	0	0,92	0,91	983,42	0,58	0,64	1232,33																																																																
Klarinette	Smaridifte	1	1	1	10	4	5,56	0,89	5,13	1,15	4,19	1,38	5,56	1,03	1,4	1,71	430851,11	204808,46	0	0	0	0,92	0,91	698,83	1	1	740,27																																																																
Kontrabass	Kartrabage	1	1	1	10	3	5,25		4,44		4		5,05	1,2	0,02	0	209664,62	93015,71	0	0	0	1	1	696,92	1	1	810,83																																																																
Marionette	Malialoste	1	0	1	10	5	1,96	1,22	4,74	1,25	4,33	1,39	5,1	1,26	1,72	0,86	378080,32	193395,03	0	0	0	0,92	0,91	933,58	0,92	0,91	1137,42																																																																
Nachtigall	Pachtigits	1	1	0	10	3	5,07		1,73		4,2		4,62	1,4	2,93	3,42	282618,13	74393,76	1	1	1	0,83	0,82	795,67	1	1	917,83																																																																
Salamander	Dasosander	1	0	0	10	4	1,28	0,57	1,17	0,38	5,11	0,96	5,22	1,17	0,94	1,28	572007,24	298140,5	1	1	1	1	1	827,67	1	1	756,67																																																																
Schimpanse	Scheldanse	1	1	0	10	3	4,13	1,41	1,75	0,68	5	1,03	5,5	0,89	4,72	0,43	417024,85	183277,75	1	1	1	0,92	0,91	942,92	1	1	867,25																																																																
Schlagzeug	Schwagzerl	1	1	1	10	2	5,94	0,24	5,44	0,78	4,39	1,65	5,61	0,92	2,66	1,28	245903,1	76206,52	0	0	0	1	1	757,67	1	1	757,5																																																																
Wasserfall	Rasserfing	1	1	0	10	3	5	1,18	1,26	0,56	5	1,05	5,48	1,03	2,5	1,71	323446,57	59704,51	1	0	0	0,92	0,91	893,08	1	1	985,75																																																																
Rotkehlchen	Sotfeppchen	1	1	0	11	3	4,36		1,36		4,6		5,75	0,68	0,47	0,43	603191,51	385767,32	1	1	1	0,83	0,82	964,42	1	1	855,5																																																																
Lautsprecher	Leifstrecher	1	1	0	12	3	5,53		2,07		2,86		5,88	0,45	5,38	1,71	574902,86	255788,66	0	0	0	1	1	817,67	0,33	0,36	1011,17																																																																
Wellensittich	Sillennettich	1	1	0	13	4	4,2		2,33		4,87		5,63	0,65	0,81	0,86	598266,23	176372,35	1	1	1	0,58	0,64	955,25	0,67	0,64	996,58																																																																
Ananas	Enadis	1	0	1	6	3	1,07		4		5		5,92	0,28	1,19	4,71	174957,33	103196,34	1	0	0	1	1	713,83	0,58	0,55	881,33	NATURAL																																																															
Antilope	Hurigoje	1	0	0	8	4	2	1,03	1,19	0,54	3,69	1,7	4,88	1,59	1,12	1,28	220832,6	157916,29	1	1	1	1	1	944,67	1	1	765,58																																																																
Bongo	Wondo	1	1	1	5	2	5,65	0,7	4,88	1,41	3,69	1,82	4,56	1,58	0,43	10,7	90283,54	25636,93	0	0	0	0,75	0,73	877,75	0,83	0,82	948,75																																																																
Cembalo	Cobmalo	1	1	1	7	3	5,47		4,47		3,33		4	2,02	0,93	3	64853,24	11010,25	0	0	0	0,92	0,91	847	0,92	0,91	863,83																																																																
Elch	Drun	1	1	0	4	1	4,06	1,21	1,11	0,32	5,22	0,65	5,56	0,7	0,56	7,71	185548,39	94825,14	1	1	1	0,42	0,45	941	1	1	712,67	besser nicht (im Pilot für Geräusch mehr inkongruente Antworten als kongruente)																																																															
Geröll	Gedüll	1	1	0	6	2	4,22	1,51	1,57	0,95	3,1	1,41	5,1	1,18	1,74	3,85	227314,51	41118,98	1	0	0	0,42	0,45	999	1	1	918,17	besser nicht (im Pilot für Geräusch mehr inkongruente Antworten als kongruente)																																																															
Häcksler	Säpstler	1	1	1	8	2	5,29	1,06	4,79	1,4	3,5	1,54	4,76	1,41	0,02	0	332664,27	207372,85	0	0	0	1	1	844	0,75	0,73	959,33																																																																
Hornisse	Korzesse	1	1	0	8	3	3,69	1,49	1,56	0,81	4,69	1,4	5,44	1,09	0,78	0,43	276129,73	165135,08	1	1	1	0,5	0,45	906,25	0,92	0,91	812,5	nur wenn nötig (im Pilot für Geräusch gleich viele inkongruente & kongruente Antworten)																																																															
Kapuze	Tasuhe	1	0	1	6	3	1,11	0,32	4,67	1,08	4,72	1,41	5,83	0,38	1,37	1,71	160567,35	148940,82	0	0	0	1	1	742	0,67	0,64	1051,58																																																																
Kommode	Kaffode	1	0	1	7	3	1,56	0,78	4,56	1,34	4	1,64	5,78	0,55	3,28	2,14	270843,47	163695,98	0	0	0	0,83	0,91	941,25	0,67	0,64	1041																																																																
Otter	Emtes	1	0	0	5	2	1,74	0,75	1,13	0,34	3,86	1,74	5,24	1,09	0,4	7,71	371645,07	219330,57	1	1	1	0,67	0,64	806,83	1	1	816,42																																																																
Pullover	Äsrower	1	0	1	8	3	1,26	0,54	4,74	1,25	4,48	1,5	5,86	0,36	3,88	2,14	330143,66	213297,6	0	0	0	0,92	0,91	770,58	0,67	0,64	991,75																																																																
Vulkan	Kunkon	1	1	0	6	2	3,95	1,4	1,16	0,37	5,68	0,58	5,1	1,37	3,27	4,28	259837,63	216121,04	1	0	0	0,42	0,45	882,08	0,92	0,91	920	besser nicht (im Pilot für Geräusch mehr inkongruente Antworten als kongruente)																																																															
Abzeichen	Erkiechen	0,93	0	0	9	3	1,13		2		4,2		5,75	0,61	3,74	3	713450,44	447736,53	0	0	0	1	1	813,5	0,58	0,55	1025,67	"MAN-MADE; Notfall x (abstrakt, aber konkreter als Abbildung)"																																																															
Aushang	Pulhaht	0,93	0	0	7	2	1		2,53		3,67		5,83	0,48	0,5	1,71	172226,57	79671,15	0	0	0	1	1	820	0,58	0,64	907,75	MAN-MADE																																																															
Gemälde	Gemohle	0,93	0	0	7	3	1		1,93		5,73		5,83	0,56	16,82	3,85	280868,54	165400	0	0	0	1	1	734,92	0,5	0,55	911,67	"nur wenn nötig (im Pilot für Handlung gleich viele inkongruente & kongruente Antworten); aber: MAN-MADE"																																																															
Getriebe	Zegreibe	0,93	1	0	8	3	4,5	1,58	3,22	1,44	2,39	1,24	4,67	1,19	4,96	3,85	337924,6	173781,12	0	0	0	0,67	0,64	962,33	0,42	0,36	961	besser nicht (im Pilot für Handlung mehr inkongruente Antworten als kongruente)																																																															
Kiwi	Siwo	0,93	0	1	4	2	1,07		3,87		4,47		6	0	0,26	7,28	39048,22	22679,22	1	0	0	0,92	0,91	833,67	0,5	0,55	800,92	"nur wenn nötig (im Pilot für Handlung gleich viele inkongruente & kongruente Antworten); aber: NATURAL"																																																															
Laus	Lees	0,93	0	0	4	1	1,06	0,25	1,63	0,81	3,13	1,54	4,81	1,76	3,01	30,82	123753,81	90088,05	1	1	1	1	1	797,83	1	1	793,58																																																																
Orange	Ibinge	0,93	0	1	6	3	1,56	0,81	3,88	1,31	4,81	1,64	5,81	0,54	4,03	6,42	301726,67	163528,27	1	0	0	0,92	0,91	835,42	0,58	0,55	881,25	NATURAL																																																															
Plakat	Dranat	0,93	0	0	6	2	1		1,87		4,8		5,88	0,45	13,73	3,42	136838,87	101441,81	0	0	0	1	1	709,08	0,5	0,55	979,5	"nur wenn nötig (im Pilot für Handlung gleich viele inkongruente & kongruente Antworten); aber: MAN-MADE"																																																															
Termite	Bertate	0,93	0	0	7	3	1,6	0,83	1,27	0,46	3,29	1,59	4,31	1,54	1,32	1,71	440509,28	180259,46	1	1	1	0,92	0,91	918,33	1	1	923,83	Gesa: Ist sehr ähnlich zu Ameise -> wenn beide Included, dann verschiedene Listen																																																																																																																																																										
Anzug	Absus	0,9	0	1	5	2	1,26	0,62	4,74	1,29	5	1,05	5,81	0,4	19,3	2,57	81329,37	53091,14	0	0	0																																																																						
Ausweis	Pulwies	0,9	0	1	7	2	1	0	4,44	1,25	4,28	1,9	6	0	6,14	2,57	246277,69	107033,64	0	0	0																																																																						
Becher	Heches	0,9	0	1	6	2	1,56	0,78	5,33	0,91	4,17	1,82	6	0	11,4	17,55	485226,1	259847,7	0	0	0																																																																						
Beutel	Säutel	0,9	0	1	6	2	1,5	0,73	4,25	1,53	3,44	1,36	5,94	0,25	5,44	7,71	166925,3	55385,15	0	0	0																																																																						
Bikini	Tikifa	0,9	0	1	6	3	1,13	0,34	4,61	1,27	4,95	1,36	5,81	0,51	0,37	0,86	127555,45	29661,79	0	0	0																																																																						
Blinker	Kninger	0,9	1	1	7	2	4,04	1,02	4,96	1,02	4,38	1,66	5,76	0,62	0,66	5,57	419936,01	216358,74	0	0	0	0,33	0,27	837,83	0,58	0,64	1111,75	besser nicht (im Pilot für Geräusch mehr inkongruente Antworten als kongruente)																																																															
Bluse	Spude	0,9	0	1	5	2	1,17	0,58	4,43	1,34	4,14	1,62	5,86	0,36	6,78	6,85	209552,84	156817,51	0	0	0																																																																						
Bombe	Sämbe	0,9	1	1	5	2	5,33	0,91	4,67	1,08	3,17	1,58	5,33	1,33	21,71	8,13	201836,5	153029,5	0	0	0	1	1	809,33	0,58	0,64	1084,25																																																																
Dohle	Zühle	0,9	1	0	5	2	4,13	1,77	1,07	0,27	3,21	1,42	4,31	1,62	0,47	8,99	195045,62	159599,48	1	1	1																																																																						
Eimer	Jämer	0,9	0	1	5	2	1,75	1,13	4	1,46	4,19	1,6	5,75	0,77	7,15	11,56	326205,33	214364,96	0	0	0																																																																						
Flamingo	Glaninga	0,9	0	0	8	3	1,61	0,66	1,35	0,88	5,52	0,68	5,33	1,2	0,37	1,71	173293,13	27315,87	1	1	1																																																																						
Geschütz	Geschärm	0,9	1	1	8	2	4,88	1,41	4,71	1,26	3,65	1,5	4,78	1,48	14,26	2,57	255244,83	74023,38	0	0	0	0,67	0,64	1001,5	0,67	0,73	1101,25																																																																
Giraffe	Girürke	0,9	0	0	7	3	1,89	1,08	1,22	0,55	5,61	0,7	5,61	0,85	0,95	2,14	200765,75	152846,51	1	1	1																																																																						
Hamburger	Hosnumger	0,9	0	1	10	3	1,61	0,84	4,78	1,28	4,76	1,45	5,71	0,56	21,16	5,99	392083,7	216709,6	0	0	0																																																																						
Herd	Helk	0,9	0	1	4	1	1		4,88		3,56		5,96	0,2	8,48	20,12	233112,99	61184,13	0	0	0																																																																						
Hose	Wode	0,9	0	1	4	2	1,26	0,62	4,78	1,35	4,43	1,5	5,95	0,22	22,22	26,54	185529,61	149527,39	0	0	0																																																																						
Hubschrauber	Pufschnauner	0,9	1	0	12	3	5,2		2,47		4,73		5,88	0,45	3,05	2,57	576997,42	261612,89	0	0	0	1	1	766,67	0,25	0,18	1094,33	besser nicht (im Pilot für Handlung mehr inkongruente Antworten als kongruente)																																																															
Hupe	Esze	0,9	1	1	4	2	5,94		3,81		1,81		5,62	0,67	2,19	15,41	148437,22	142955,23	0	0	0																																																																						
Jeans	Jauhn	0,9	0	1	5	1	1,43	0,79	5	1,17	4,52	1,25	5,9	0,3	1,64	7,71	133375,48	75610,77	0	0	0																																																																						
Karpfen	Koiffen	0,9	0	0	7	2	1,38	0,62	1,88	0,89	3,88	1,71	4,75	1,81	2,57	3,85	425556,95	345461,6	1	1	1																																																																						
Krabbe	Spabbe	0,9	0	0	6	2	1,61	0,78	1,57	1,04	4,62	1,47	5,24	1,14	2,04	3,85	223150,23	150573,59	1	1	1							intuitiv mit Handlungen assoziiert (essen)																																																															
Krebs	Krehl	0,9	0	0	5	1	1,52	0,73	1,7	1,06	4,57	1,72	5,62	0,97	11,34	6,42	134744,6	81666,28	1	1	1							intuitiv mit Handlungen assoziiert (essen)																																																															
Makrele	Taklese	0,9	0	0	7	3	1,31	0,6	1,88	0,72	3,13	1,86	4,13	1,63	0,56	0,43	253909,3	160078,72	1	1	1							intuitiv mit Handlungen assoziiert (essen)																																																															
Metronom	Techonym	0,9	1	0	8	3	5,25		2,63		3,06		5,46	0,98	0,28	0,86	125453,35	54893,33	0	0	0	0,75	0,82	895,33	0,33	0,36	1092,58	besser nicht (im Pilot für Handlung mehr inkongruente Antworten als kongruente)																																																															
Spaghetti	Frapfatti	0,9	0	1	9	3	1,43	0,66	4,78	1,28	5,05	1,12	5,95	0,22	1	0,43	146578	38903,03	0	0	0							"highly similar concept to ""Nudel"" -> choose one"																																																															
Spinne	Frinze	0,9	0	0	6	2	1,06	0,24	1,78	0,94	4,94	1,3	5,67	0,69	6,31	5,99	300152,88	179095,09	1	1	1																																																																						
Stier	Prier	0,9	1	0	5	1	3,94	1,39	1,89	1,13	5,22	0,81	5,5	1,04	5,8	9,85	411345,48	235880,34	1	1	1	0,33	0,27	1052,75	1	1	908	besser nicht (im Pilot für Geräusch mehr inkongruente Antworten als kongruente)																																																															
Tiger	Zäger	0,9	1	0	5	2	3,72	1,49	1,28	0,57	5,44	0,86	5,61	1,14	7,85	11,99	368896,1	214913,3	1	1	1							Notfall x																																																															
Weste	Soste	0,9	0	1	5	2	1,26	0,62	4,87	1,1	4,1	1,45	5,52	0,81	4,9	25,69	324340,86	192576,94	0	0	0																																																																						
Wurm	Grup	0,9	0	0	4	1	1		1,8		4,27		5,92	0,28	9,48	10,7	66213,18	45739,49	1	1	1																																																																						
Zeichnung	Neichtung	0,9	0	1	10	2	1,3	0,76	5,13	1,1	4,48	1,5	5,81	0,51	22,76	1,28	411236,21	134172,6	0	0	0							"similar concept to ""Skizze"" -> best choose one"																																																															
Kind		0,9	1	1	4	1	4,72	0,89	4,78	1,77	4,78	1,17	5,89	0,32	493,52	24,83	192011,5	93138,76	1	1	1							"NATURAL; extremely high frequent as compared to other words"																																																															
Biene		0,9	1	1	5	2	5,1		3,7		4,3		5,96	0,2	11,69	13,7	451558,35	172133,74	1	1	1							NATURAL																																																															
Esel		0,9	1	0	4	2	3,81	1,33	2,75	1,44	4,69	1,25	5,56	0,73	8,83	13,7	95840,41	37716,3	1	1	1							Notfall x (vgl. Stier?)																																																															
Zecke		0,9	0	0	5	2	1,06	0,24	1,89	1,02	4,22	1,8	5,39	0,98	0,54	12,41	168046,9	145459,88	1	1	1																																																																						
Igel		0,9	0	0	4	2	1,53		1,8		5,33		5,96	0,2	2,16	5,57	113268,43	29382,28	1	1	1																																																																						
Panda		0,9	0	0	6	2	1,61	0,72	1,39	0,66	5,43	0,87	5,43	1,08	0,23	11,56	146178,09	31912,39	1	1	1																																																																						
Fuchs		0,9	0	0	5	1	1,74	0,92	1,3	0,56	5,14	1,39	5,57	1,08	12,57	8,99	218631,76	88885,64	1	1	1																																																																						
Luchs		0,9	0	0	5	1	1,94	1,06	1,11	0,32	5,11	1,32	5,22	1,22	0,96	11,99	215930,34	86205,26	1	1	1																																																																						
Messer		0,9	0	1	6	2	1,25		5,38		4		6	0	28,28	16,27	396679,19	225248,53	0	0	0																																																																						
Jacke		0,9	0	1	5	2	1,44	0,7	5,28	0,83	4,44	1,42	6	0	10,55	14,98	171677,05	142381,23	0	0	0																																																																						
Meißel		0,9	1	1	6	2	4	1,53	5,28	1,02	4,11	1,78	4,94	1,3	1,07	5,14	150622,02	37861,78	0	0	0																																																																						
Mantel		0,9	0	1	6	2	1,44	0,92	5,17	0,86	4,17	1,58	5,72	0,83	34,11	11,56	206497,24	54848,89	0	0	0																																																																						
Tablette		0,9	0	1	8	3	1,17	0,38	5,17	0,86	4,17	1,86	5,94	0,24	2,53	2,14	295345,23	174867,02	0	0	0							"highly similar concept to ""Pille"" & highly similar word form to ""Tablett"" -> choose one"																																																															
Tasche		0,9	0	1	6	2	1,44	0,86	5,11	0,96	3,89	1,71	5,94	0,24	38,08	11,99	372425,32	218229,47	0	0	0																																																																						
Stuhl		0,9	0	1	5	1	1,75	1,06	4,94	1,34	4,5	1,71	5,94	0,25	50,37	7,71	66264,3	49745,4	0	0	0																																																																						
Leiter		0,9	0	1	6	2	1,57	0,9	4,83	0,98	4,62	1,6	5,71	0,56	69,21	14,55	488458,05	241557,14	0	0	0																																																																						
Koffer		0,9	0	1	6	2	1,72	0,75	4,78	1,11	4,33	1,68	5,94	0,24	20,23	6,42	313198	214604,64	0	0	0							Gesa: finde ich auch gut																																																															
Umschlag		0,9	0	1	8	2	1,56	0,78	4,67	1,08	3,94	1,63	5,89	0,32	11,64	2,57	233197,89	79985,05	0	0	0							"highly similar concept to ""Kuvert"" -> choose one"																																																															
Kleid		0,9	0	1	5	1	1,26	0,54	4,65	1,23	4,67	1,39	5,81	0,51	47,85	8,99	172907,03	62133,44	0	0	0																																																																						
Toast		0,9	0	1	6	1	1,78	0,74	4,65	1,27	4,1	1,64	5,86	0,36	2,92	6,85	159120,82	108321,09	0	0	0																																																																						
Puppe		0,9	0	1	5	2	1,75	0,86	4,63	1,15	4,81	1,33	5,81	0,75	10,43	10,27	149794,25	144305,84	0	0	0																																																																						
Rekorder		0,9	1	1	8	3	4,22	1,48	4,48	1,27	3,19	1,21	5,24	1,04	0,17	1,71	434381,92	260058,61	0	0	0							macht selbst kein Geräusch, aber trotzdem stark mit Geräuschen assoziiert																																																															
Schrank		0,9	0	1	7	1	1,56	0,96	4,38	1,86	4,06	1,53	6	0	15,98	6,42	256755,07	52214,53	0	0	0																																																																						
Apfel		0,9	0	1	5	2	2		4,33		4,33		5,96	0,2	13,15	4,71	75850,81	39992,64	1	0	0							NATURAL																																																															
Regal		0,9	0	1	5	2	1,06	0,24	4,33	1,53	4,17	1,54	5,83	0,51	6,52	10,27	73293,53	32012,73	0	0	0																																																																						
Krone		0,9	0	1	5	2	1,26	0,54	4,22	1,57	5,48	0,87	5,71	0,56	31,31	12,41	225971,33	161811,26	0	0	0																																																																						
Wiege		0,9	0	1	5	2	1,6		4,13		4,4		5,67	0,64	5,85	12,41	303828,48	164258,77	0	0	0																																																																						
Torte		0,9	0	1	5	2	1,44	0,73	4,13	1,5	4,75	1,18	5,94	0,25	2,62	16,7	259228,49	172835,84	0	0	0							"highly similar concept to ""Kuchen"" -> choose one"																																																															
Magnet		0,9	0	1	6	2	1,06		4,06		2,06		5,88	0,34	3	5,14	179263,71	110843,09	0	0	0																																																																						
Reis		0,9	0	1	4	1	1,33		3,93		4,07		5,96	0,2	7,77	29,54	197902,82	88007,15	1	0	0							NATURAL																																																															
Paprika		0,9	0	1	7	3	1		3,87		4,27		6	0	2,81	1,71	56136,44	22355,38	1	0	0							NATURAL																																																															
Peperoni		0,9	0	1	8	4	1,07		3,87		4,53		5,88	0,34	0,04	0,43	245648,47	22682,97	1	0	0							NATURAL																																																															
Gurke		0,9	0	1	5	2	1,44	0,7	3,83	1,42	4,56	1,62	6	0	4,41	7,28	183221,4	150251,76	1	0	0							NATURAL																																																															
Mandarine		0,9	0	1	9	4	1,56	0,86	3,83	1,5	4,67	1,33	6	0	1,02	2,14	439952,95	202887,48	1	0	0							NATURAL																																																															
Olive		0,9	0	1	5	3	1		3,8		4,73		5,92	0,28	1,68	6,85	176649,76	136265,14	1	0	0							NATURAL																																																															
Aubergine		0,9	0	1	9	4	1		3,73		4,4		5,79	0,66	0,26	1,71	502601,17	208444,03	1	0	0							NATURAL																																																															
Meer		0,9	1	0	4	1	4,65	1,27	2,57	1,47	4,67	0,97	5,76	0,62	64,88	26,54	297366,45	209877,42	1	0	0							inanimate																																																															
